{
    "head": "Head",
    "spine3": "UpperTorso",
    "hip": "LowerTorso",
    "l_upperarm": "LeftUpperArm",
    "l_forearm": "LeftLowerArm",
    "l_hand": "LeftHand",
    "r_upperarm": "RightUpperArm",
    "r_forearm": "RightLowerArm",
    "r_hand": "RightHand",
    "l_thigh": "LeftUpperLeg",
    "l_shin": "LeftLowerLeg",
    "l_foot": "LeftFoot",
    "r_thigh": "RightUpperLeg",
    "r_shin": "RightLowerLeg",
    "r_foot": "RightFoot",
    "l_eye": "LeftEye",
    "r_eye": "RightEye",
    "lowerjaw": "LowerJaw",
    "lowerfacerig": "LowerFaceRig",
    "l_lipcorner": "LeftLipCorner",
    "l_liplower": "LeftLipLower",
    "liplowermiddle": "LipLowerMiddle",
    "r_liplower": "RightLipLower",
    "r_lipcorner": "RightLipCorner",
    "chin": "Chin",
    "upperfacerig": "UpperFaceRig",
    "l_browinner": "LeftBrowInner",
    "l_browouter": "LeftBrowOuter",
    "r_browinner": "RightBrowInner",
    "r_browouter": "RightBrowOuter",
    "centerbrow": "CenterBrow",
    "l_eyelidupper": "LeftEyelidUpper",
    "l_eyelidlower": "LeftEyelidLower",
    "r_eyelidupper": "RightEyelidUpper",
    "r_eyelidlower": "RightEyelidLower",
    "l_squint": "LeftSquint",
    "r_squint": "RightSquint",
    "l_cheek": "LeftCheek",
    "r_cheek": "RightCheek",
    "lipuppermiddle": "LipUpperMiddle",
    "l_lipupper": "LeftLipUpper",
    "r_lipupper": "RightLipUpper"
}